<?xml version="1.0" encoding="UTF-8"?>
<project-private xmlns="http://www.netbeans.org/ns/project-private/1">
    <editor-bookmarks xmlns="http://www.netbeans.org/ns/editor-bookmarks/2" lastBookmarkId="0"/>
    <open-files xmlns="http://www.netbeans.org/ns/projectui-open-files/2">
        <group>
            <file>file:/D:/ANHDUY/IU/OOP/Tutorial_Tetris_Java-master/Tutorial_Tetris_Java-master/src/tetris/ImageLoader.java</file>
            <file>file:/D:/ANHDUY/IU/OOP/Tutorial_Tetris_Java-master/Tutorial_Tetris_Java-master/src/tetris/Title.java</file>
            <file>file:/D:/ANHDUY/IU/OOP/Tutorial_Tetris_Java-master/Tutorial_Tetris_Java-master/src/tetris/WindowGame.java</file>
            <file>file:/D:/ANHDUY/IU/OOP/Tutorial_Tetris_Java-master/Tutorial_Tetris_Java-master/src/tetris/Board.java</file>
            <file>file:/D:/ANHDUY/IU/OOP/Tutorial_Tetris_Java-master/Tutorial_Tetris_Java-master/src/tetris/Shape.java</file>
        </group>
    </open-files>
</project-private>
